meter_id,machine_id,meter_type
EM0001,MCH0001,Electricity
EM0002,MCH0002,Electricity
EM0003,MCH0003,Electricity
EM0004,MCH0004,Electricity
EM0005,MCH0005,Electricity
EM0006,MCH0006,Electricity
EM0007,MCH0007,Electricity
EM0008,MCH0008,Electricity
EM0009,MCH0009,Electricity
EM0010,MCH0010,Electricity
EM0011,MCH0011,Electricity
EM0012,MCH0012,Electricity
EM0013,MCH0013,Electricity
EM0014,MCH0014,Electricity
EM0015,MCH0015,Electricity
EM0016,MCH0016,Electricity
EM0017,MCH0017,Electricity
EM0018,MCH0018,Electricity
EM0019,MCH0019,Electricity
EM0020,MCH0020,Electricity
EM0021,MCH0021,Electricity
EM0022,MCH0022,Electricity
EM0023,MCH0023,Electricity
EM0024,MCH0024,Electricity
EM0025,MCH0025,Electricity
EM0026,MCH0026,Electricity
EM0027,MCH0027,Electricity
EM0028,MCH0028,Electricity
EM0029,MCH0029,Electricity
EM0030,MCH0030,Electricity
EM0031,MCH0031,Electricity
EM0032,MCH0032,Electricity
EM0033,MCH0033,Electricity
EM0034,MCH0034,Electricity
EM0035,MCH0035,Electricity
EM0036,MCH0036,Electricity
EM0037,MCH0037,Electricity
EM0038,MCH0038,Electricity
EM0039,MCH0039,Electricity
EM0040,MCH0040,Electricity
EM0041,MCH0041,Electricity
EM0042,MCH0042,Electricity
EM0043,MCH0043,Electricity
EM0044,MCH0044,Electricity
EM0045,MCH0045,Electricity
EM0046,MCH0046,Electricity
EM0047,MCH0047,Electricity
EM0048,MCH0048,Electricity
EM0049,MCH0049,Electricity
EM0050,MCH0050,Electricity
EM0051,MCH0051,Electricity
EM0052,MCH0052,Electricity
EM0053,MCH0053,Electricity
EM0054,MCH0054,Electricity
EM0055,MCH0055,Electricity
EM0056,MCH0056,Electricity
EM0057,MCH0057,Electricity
EM0058,MCH0058,Electricity
EM0059,MCH0059,Electricity
EM0060,MCH0060,Electricity
EM0061,MCH0061,Electricity
EM0062,MCH0062,Electricity
EM0063,MCH0063,Electricity
EM0064,MCH0064,Electricity
EM0065,MCH0065,Electricity
EM0066,MCH0066,Electricity
EM0067,MCH0067,Electricity
EM0068,MCH0068,Electricity
EM0069,MCH0069,Electricity
EM0070,MCH0070,Electricity
EM0071,MCH0071,Electricity
EM0072,MCH0072,Electricity
EM0073,MCH0073,Electricity
EM0074,MCH0074,Electricity
EM0075,MCH0075,Electricity
EM0076,MCH0076,Electricity
EM0077,MCH0077,Electricity
EM0078,MCH0078,Electricity
EM0079,MCH0079,Electricity
EM0080,MCH0080,Electricity
EM0081,MCH0081,Electricity
EM0082,MCH0082,Electricity
EM0083,MCH0083,Electricity
EM0084,MCH0084,Electricity
EM0085,MCH0085,Electricity
EM0086,MCH0086,Electricity
EM0087,MCH0087,Electricity
EM0088,MCH0088,Electricity
EM0089,MCH0089,Electricity
EM0090,MCH0090,Electricity
EM0091,MCH0091,Electricity
EM0092,MCH0092,Electricity
EM0093,MCH0093,Electricity
EM0094,MCH0094,Electricity
EM0095,MCH0095,Electricity
EM0096,MCH0096,Electricity
EM0097,MCH0097,Electricity
EM0098,MCH0098,Electricity
EM0099,MCH0099,Electricity
EM0100,MCH0100,Electricity
EM0101,MCH0101,Electricity
EM0102,MCH0102,Electricity
EM0103,MCH0103,Electricity
EM0104,MCH0104,Electricity
EM0105,MCH0105,Electricity
EM0106,MCH0106,Electricity
EM0107,MCH0107,Electricity
EM0108,MCH0108,Electricity
EM0109,MCH0109,Electricity
EM0110,MCH0110,Electricity
EM0111,MCH0111,Electricity
EM0112,MCH0112,Electricity
EM0113,MCH0113,Electricity
EM0114,MCH0114,Electricity
EM0115,MCH0115,Electricity
EM0116,MCH0116,Electricity
EM0117,MCH0117,Electricity
EM0118,MCH0118,Electricity
EM0119,MCH0119,Electricity
EM0120,MCH0120,Electricity
EM0121,MCH0121,Electricity
EM0122,MCH0122,Electricity
EM0123,MCH0123,Electricity
EM0124,MCH0124,Electricity
EM0125,MCH0125,Electricity
EM0126,MCH0126,Electricity
EM0127,MCH0127,Electricity
EM0128,MCH0128,Electricity
EM0129,MCH0129,Electricity
EM0130,MCH0130,Electricity
EM0131,MCH0131,Electricity
EM0132,MCH0132,Electricity
EM0133,MCH0133,Electricity
EM0134,MCH0134,Electricity
EM0135,MCH0135,Electricity
EM0136,MCH0136,Electricity
EM0137,MCH0137,Electricity
EM0138,MCH0138,Electricity
EM0139,MCH0139,Electricity
EM0140,MCH0140,Electricity
EM0141,MCH0141,Electricity
EM0142,MCH0142,Electricity
EM0143,MCH0143,Electricity
EM0144,MCH0144,Electricity
EM0145,MCH0145,Electricity
EM0146,MCH0146,Electricity
EM0147,MCH0147,Electricity
EM0148,MCH0148,Electricity
EM0149,MCH0149,Electricity
EM0150,MCH0150,Electricity
EM0151,MCH0151,Electricity
EM0152,MCH0152,Electricity
EM0153,MCH0153,Electricity
EM0154,MCH0154,Electricity
EM0155,MCH0155,Electricity
EM0156,MCH0156,Electricity
EM0157,MCH0157,Electricity
EM0158,MCH0158,Electricity
EM0159,MCH0159,Electricity
EM0160,MCH0160,Electricity
EM0161,MCH0161,Electricity
EM0162,MCH0162,Electricity
EM0163,MCH0163,Electricity
EM0164,MCH0164,Electricity
EM0165,MCH0165,Electricity
EM0166,MCH0166,Electricity
EM0167,MCH0167,Electricity
EM0168,MCH0168,Electricity
EM0169,MCH0169,Electricity
EM0170,MCH0170,Electricity
EM0171,MCH0171,Electricity
EM0172,MCH0172,Electricity
EM0173,MCH0173,Electricity
EM0174,MCH0174,Electricity
EM0175,MCH0175,Electricity
EM0176,MCH0176,Electricity
EM0177,MCH0177,Electricity
EM0178,MCH0178,Electricity
EM0179,MCH0179,Electricity
EM0180,MCH0180,Electricity
EM0181,MCH0181,Electricity
EM0182,MCH0182,Electricity
EM0183,MCH0183,Electricity
EM0184,MCH0184,Electricity
EM0185,MCH0185,Electricity
EM0186,MCH0186,Electricity
EM0187,MCH0187,Electricity
EM0188,MCH0188,Electricity
EM0189,MCH0189,Electricity
EM0190,MCH0190,Electricity
EM0191,MCH0191,Electricity
EM0192,MCH0192,Electricity
EM0193,MCH0193,Electricity
EM0194,MCH0194,Electricity
EM0195,MCH0195,Electricity
EM0196,MCH0196,Electricity
EM0197,MCH0197,Electricity
EM0198,MCH0198,Electricity
EM0199,MCH0199,Electricity
EM0200,MCH0200,Electricity
EM0201,MCH0201,Electricity
EM0202,MCH0202,Electricity
EM0203,MCH0203,Electricity
EM0204,MCH0204,Electricity
EM0205,MCH0205,Electricity
EM0206,MCH0206,Electricity
EM0207,MCH0207,Electricity
EM0208,MCH0208,Electricity
EM0209,MCH0209,Electricity
EM0210,MCH0210,Electricity
EM0211,MCH0211,Electricity
EM0212,MCH0212,Electricity
EM0213,MCH0213,Electricity
EM0214,MCH0214,Electricity
EM0215,MCH0215,Electricity
EM0216,MCH0216,Electricity
EM0217,MCH0217,Electricity
EM0218,MCH0218,Electricity
EM0219,MCH0219,Electricity
EM0220,MCH0220,Electricity
EM0221,MCH0221,Electricity
EM0222,MCH0222,Electricity
EM0223,MCH0223,Electricity
EM0224,MCH0224,Electricity
EM0225,MCH0225,Electricity
EM0226,MCH0226,Electricity
EM0227,MCH0227,Electricity
EM0228,MCH0228,Electricity
EM0229,MCH0229,Electricity
EM0230,MCH0230,Electricity
EM0231,MCH0231,Electricity
EM0232,MCH0232,Electricity
EM0233,MCH0233,Electricity
EM0234,MCH0234,Electricity
EM0235,MCH0235,Electricity
EM0236,MCH0236,Electricity
EM0237,MCH0237,Electricity
EM0238,MCH0238,Electricity
EM0239,MCH0239,Electricity
EM0240,MCH0240,Electricity
EM0241,MCH0241,Electricity
EM0242,MCH0242,Electricity
EM0243,MCH0243,Electricity
EM0244,MCH0244,Electricity
EM0245,MCH0245,Electricity
EM0246,MCH0246,Electricity
EM0247,MCH0247,Electricity
EM0248,MCH0248,Electricity
EM0249,MCH0249,Electricity
EM0250,MCH0250,Electricity
EM0251,MCH0251,Electricity
EM0252,MCH0252,Electricity
EM0253,MCH0253,Electricity
EM0254,MCH0254,Electricity
EM0255,MCH0255,Electricity
EM0256,MCH0256,Electricity
EM0257,MCH0257,Electricity
EM0258,MCH0258,Electricity
EM0259,MCH0259,Electricity
EM0260,MCH0260,Electricity
EM0261,MCH0261,Electricity
EM0262,MCH0262,Electricity
EM0263,MCH0263,Electricity
EM0264,MCH0264,Electricity
EM0265,MCH0265,Electricity
EM0266,MCH0266,Electricity
EM0267,MCH0267,Electricity
EM0268,MCH0268,Electricity
EM0269,MCH0269,Electricity
EM0270,MCH0270,Electricity
EM0271,MCH0271,Electricity
EM0272,MCH0272,Electricity
EM0273,MCH0273,Electricity
EM0274,MCH0274,Electricity
EM0275,MCH0275,Electricity
EM0276,MCH0276,Electricity
EM0277,MCH0277,Electricity
EM0278,MCH0278,Electricity
EM0279,MCH0279,Electricity
EM0280,MCH0280,Electricity
EM0281,MCH0281,Electricity
EM0282,MCH0282,Electricity
EM0283,MCH0283,Electricity
EM0284,MCH0284,Electricity
EM0285,MCH0285,Electricity
EM0286,MCH0286,Electricity
EM0287,MCH0287,Electricity
EM0288,MCH0288,Electricity
EM0289,MCH0289,Electricity
EM0290,MCH0290,Electricity
EM0291,MCH0291,Electricity
EM0292,MCH0292,Electricity
EM0293,MCH0293,Electricity
EM0294,MCH0294,Electricity
EM0295,MCH0295,Electricity
EM0296,MCH0296,Electricity
EM0297,MCH0297,Electricity
EM0298,MCH0298,Electricity
EM0299,MCH0299,Electricity
EM0300,MCH0300,Electricity
EM0301,MCH0301,Electricity
EM0302,MCH0302,Electricity
EM0303,MCH0303,Electricity
EM0304,MCH0304,Electricity
EM0305,MCH0305,Electricity
EM0306,MCH0306,Electricity
EM0307,MCH0307,Electricity
EM0308,MCH0308,Electricity
EM0309,MCH0309,Electricity
EM0310,MCH0310,Electricity
EM0311,MCH0311,Electricity
EM0312,MCH0312,Electricity
EM0313,MCH0313,Electricity
EM0314,MCH0314,Electricity
EM0315,MCH0315,Electricity
EM0316,MCH0316,Electricity
EM0317,MCH0317,Electricity
EM0318,MCH0318,Electricity
EM0319,MCH0319,Electricity
EM0320,MCH0320,Electricity
EM0321,MCH0321,Electricity
EM0322,MCH0322,Electricity
EM0323,MCH0323,Electricity
EM0324,MCH0324,Electricity
EM0325,MCH0325,Electricity
EM0326,MCH0326,Electricity
EM0327,MCH0327,Electricity
EM0328,MCH0328,Electricity
EM0329,MCH0329,Electricity
EM0330,MCH0330,Electricity
EM0331,MCH0331,Electricity
EM0332,MCH0332,Electricity
EM0333,MCH0333,Electricity
EM0334,MCH0334,Electricity
EM0335,MCH0335,Electricity
EM0336,MCH0336,Electricity
EM0337,MCH0337,Electricity
EM0338,MCH0338,Electricity
EM0339,MCH0339,Electricity
EM0340,MCH0340,Electricity
EM0341,MCH0341,Electricity
EM0342,MCH0342,Electricity
EM0343,MCH0343,Electricity
EM0344,MCH0344,Electricity
EM0345,MCH0345,Electricity
EM0346,MCH0346,Electricity
EM0347,MCH0347,Electricity
EM0348,MCH0348,Electricity
EM0349,MCH0349,Electricity
EM0350,MCH0350,Electricity
EM0351,MCH0351,Electricity
EM0352,MCH0352,Electricity
EM0353,MCH0353,Electricity
EM0354,MCH0354,Electricity
EM0355,MCH0355,Electricity
EM0356,MCH0356,Electricity
EM0357,MCH0357,Electricity
EM0358,MCH0358,Electricity
EM0359,MCH0359,Electricity
EM0360,MCH0360,Electricity
EM0361,MCH0361,Electricity
EM0362,MCH0362,Electricity
EM0363,MCH0363,Electricity
EM0364,MCH0364,Electricity
EM0365,MCH0365,Electricity
EM0366,MCH0366,Electricity
EM0367,MCH0367,Electricity
EM0368,MCH0368,Electricity
EM0369,MCH0369,Electricity
EM0370,MCH0370,Electricity
EM0371,MCH0371,Electricity
EM0372,MCH0372,Electricity
EM0373,MCH0373,Electricity
EM0374,MCH0374,Electricity
EM0375,MCH0375,Electricity
EM0376,MCH0376,Electricity
EM0377,MCH0377,Electricity
EM0378,MCH0378,Electricity
EM0379,MCH0379,Electricity
EM0380,MCH0380,Electricity
EM0381,MCH0381,Electricity
EM0382,MCH0382,Electricity
EM0383,MCH0383,Electricity
EM0384,MCH0384,Electricity
EM0385,MCH0385,Electricity
EM0386,MCH0386,Electricity
EM0387,MCH0387,Electricity
EM0388,MCH0388,Electricity
EM0389,MCH0389,Electricity
EM0390,MCH0390,Electricity
EM0391,MCH0391,Electricity
EM0392,MCH0392,Electricity
EM0393,MCH0393,Electricity
EM0394,MCH0394,Electricity
EM0395,MCH0395,Electricity
EM0396,MCH0396,Electricity
EM0397,MCH0397,Electricity
EM0398,MCH0398,Electricity
EM0399,MCH0399,Electricity
EM0400,MCH0400,Electricity
EM0401,MCH0401,Electricity
EM0402,MCH0402,Electricity
EM0403,MCH0403,Electricity
EM0404,MCH0404,Electricity
EM0405,MCH0405,Electricity
EM0406,MCH0406,Electricity
EM0407,MCH0407,Electricity
EM0408,MCH0408,Electricity
EM0409,MCH0409,Electricity
EM0410,MCH0410,Electricity
EM0411,MCH0411,Electricity
EM0412,MCH0412,Electricity
EM0413,MCH0413,Electricity
EM0414,MCH0414,Electricity
EM0415,MCH0415,Electricity
EM0416,MCH0416,Electricity
EM0417,MCH0417,Electricity
EM0418,MCH0418,Electricity
EM0419,MCH0419,Electricity
EM0420,MCH0420,Electricity
EM0421,MCH0421,Electricity
EM0422,MCH0422,Electricity
EM0423,MCH0423,Electricity
EM0424,MCH0424,Electricity
EM0425,MCH0425,Electricity
EM0426,MCH0426,Electricity
EM0427,MCH0427,Electricity
EM0428,MCH0428,Electricity
EM0429,MCH0429,Electricity
EM0430,MCH0430,Electricity
EM0431,MCH0431,Electricity
EM0432,MCH0432,Electricity
EM0433,MCH0433,Electricity
EM0434,MCH0434,Electricity
EM0435,MCH0435,Electricity
EM0436,MCH0436,Electricity
EM0437,MCH0437,Electricity
EM0438,MCH0438,Electricity
EM0439,MCH0439,Electricity
EM0440,MCH0440,Electricity
EM0441,MCH0441,Electricity
EM0442,MCH0442,Electricity
EM0443,MCH0443,Electricity
EM0444,MCH0444,Electricity
EM0445,MCH0445,Electricity
EM0446,MCH0446,Electricity
EM0447,MCH0447,Electricity
EM0448,MCH0448,Electricity
EM0449,MCH0449,Electricity
EM0450,MCH0450,Electricity
EM0451,MCH0451,Electricity
EM0452,MCH0452,Electricity
EM0453,MCH0453,Electricity
EM0454,MCH0454,Electricity
EM0455,MCH0455,Electricity
EM0456,MCH0456,Electricity
EM0457,MCH0457,Electricity
EM0458,MCH0458,Electricity
EM0459,MCH0459,Electricity
EM0460,MCH0460,Electricity
EM0461,MCH0461,Electricity
EM0462,MCH0462,Electricity
EM0463,MCH0463,Electricity
EM0464,MCH0464,Electricity
EM0465,MCH0465,Electricity
EM0466,MCH0466,Electricity
EM0467,MCH0467,Electricity
EM0468,MCH0468,Electricity
EM0469,MCH0469,Electricity
EM0470,MCH0470,Electricity
EM0471,MCH0471,Electricity
EM0472,MCH0472,Electricity
EM0473,MCH0473,Electricity
EM0474,MCH0474,Electricity
EM0475,MCH0475,Electricity
EM0476,MCH0476,Electricity
EM0477,MCH0477,Electricity
EM0478,MCH0478,Electricity
EM0479,MCH0479,Electricity
EM0480,MCH0480,Electricity
EM0481,MCH0481,Electricity
EM0482,MCH0482,Electricity
EM0483,MCH0483,Electricity
EM0484,MCH0484,Electricity
EM0485,MCH0485,Electricity
EM0486,MCH0486,Electricity
EM0487,MCH0487,Electricity
EM0488,MCH0488,Electricity
EM0489,MCH0489,Electricity
EM0490,MCH0490,Electricity
EM0491,MCH0491,Electricity
EM0492,MCH0492,Electricity
EM0493,MCH0493,Electricity
EM0494,MCH0494,Electricity
EM0495,MCH0495,Electricity
EM0496,MCH0496,Electricity
EM0497,MCH0497,Electricity
EM0498,MCH0498,Electricity
EM0499,MCH0499,Electricity
EM0500,MCH0500,Electricity
EM0501,MCH0501,Electricity
EM0502,MCH0502,Electricity
EM0503,MCH0503,Electricity
EM0504,MCH0504,Electricity
EM0505,MCH0505,Electricity
EM0506,MCH0506,Electricity
EM0507,MCH0507,Electricity
EM0508,MCH0508,Electricity
EM0509,MCH0509,Electricity
EM0510,MCH0510,Electricity
EM0511,MCH0511,Electricity
EM0512,MCH0512,Electricity
EM0513,MCH0513,Electricity
EM0514,MCH0514,Electricity
EM0515,MCH0515,Electricity
EM0516,MCH0516,Electricity
EM0517,MCH0517,Electricity
EM0518,MCH0518,Electricity
EM0519,MCH0519,Electricity
EM0520,MCH0520,Electricity
EM0521,MCH0521,Electricity
EM0522,MCH0522,Electricity
EM0523,MCH0523,Electricity
EM0524,MCH0524,Electricity
EM0525,MCH0525,Electricity
EM0526,MCH0526,Electricity
EM0527,MCH0527,Electricity
EM0528,MCH0528,Electricity
EM0529,MCH0529,Electricity
EM0530,MCH0530,Electricity
EM0531,MCH0531,Electricity
EM0532,MCH0532,Electricity
EM0533,MCH0533,Electricity
EM0534,MCH0534,Electricity
EM0535,MCH0535,Electricity
EM0536,MCH0536,Electricity
EM0537,MCH0537,Electricity
EM0538,MCH0538,Electricity
EM0539,MCH0539,Electricity
EM0540,MCH0540,Electricity
EM0541,MCH0541,Electricity
EM0542,MCH0542,Electricity
EM0543,MCH0543,Electricity
EM0544,MCH0544,Electricity
EM0545,MCH0545,Electricity
EM0546,MCH0546,Electricity
EM0547,MCH0547,Electricity
EM0548,MCH0548,Electricity
EM0549,MCH0549,Electricity
EM0550,MCH0550,Electricity
EM0551,MCH0551,Electricity
EM0552,MCH0552,Electricity
EM0553,MCH0553,Electricity
EM0554,MCH0554,Electricity
EM0555,MCH0555,Electricity
EM0556,MCH0556,Electricity
EM0557,MCH0557,Electricity
EM0558,MCH0558,Electricity
EM0559,MCH0559,Electricity
EM0560,MCH0560,Electricity
EM0561,MCH0561,Electricity
EM0562,MCH0562,Electricity
EM0563,MCH0563,Electricity
EM0564,MCH0564,Electricity
EM0565,MCH0565,Electricity
EM0566,MCH0566,Electricity
EM0567,MCH0567,Electricity
EM0568,MCH0568,Electricity
EM0569,MCH0569,Electricity
EM0570,MCH0570,Electricity
EM0571,MCH0571,Electricity
EM0572,MCH0572,Electricity
EM0573,MCH0573,Electricity
EM0574,MCH0574,Electricity
EM0575,MCH0575,Electricity
EM0576,MCH0576,Electricity
EM0577,MCH0577,Electricity
EM0578,MCH0578,Electricity
EM0579,MCH0579,Electricity
EM0580,MCH0580,Electricity
EM0581,MCH0581,Electricity
EM0582,MCH0582,Electricity
EM0583,MCH0583,Electricity
EM0584,MCH0584,Electricity
EM0585,MCH0585,Electricity
EM0586,MCH0586,Electricity
EM0587,MCH0587,Electricity
EM0588,MCH0588,Electricity
EM0589,MCH0589,Electricity
EM0590,MCH0590,Electricity
EM0591,MCH0591,Electricity
EM0592,MCH0592,Electricity
EM0593,MCH0593,Electricity
EM0594,MCH0594,Electricity
EM0595,MCH0595,Electricity
EM0596,MCH0596,Electricity
EM0597,MCH0597,Electricity
EM0598,MCH0598,Electricity
EM0599,MCH0599,Electricity
EM0600,MCH0600,Electricity
EM0601,MCH0601,Electricity
EM0602,MCH0602,Electricity
EM0603,MCH0603,Electricity
EM0604,MCH0604,Electricity
EM0605,MCH0605,Electricity
EM0606,MCH0606,Electricity
EM0607,MCH0607,Electricity
EM0608,MCH0608,Electricity
EM0609,MCH0609,Electricity
EM0610,MCH0610,Electricity
EM0611,MCH0611,Electricity
EM0612,MCH0612,Electricity
EM0613,MCH0613,Electricity
EM0614,MCH0614,Electricity
EM0615,MCH0615,Electricity
EM0616,MCH0616,Electricity
EM0617,MCH0617,Electricity
EM0618,MCH0618,Electricity
EM0619,MCH0619,Electricity
EM0620,MCH0620,Electricity
EM0621,MCH0621,Electricity
EM0622,MCH0622,Electricity
EM0623,MCH0623,Electricity
EM0624,MCH0624,Electricity
EM0625,MCH0625,Electricity
EM0626,MCH0626,Electricity
EM0627,MCH0627,Electricity
EM0628,MCH0628,Electricity
EM0629,MCH0629,Electricity
EM0630,MCH0630,Electricity
EM0631,MCH0631,Electricity
EM0632,MCH0632,Electricity
EM0633,MCH0633,Electricity
EM0634,MCH0634,Electricity
EM0635,MCH0635,Electricity
EM0636,MCH0636,Electricity
EM0637,MCH0637,Electricity
EM0638,MCH0638,Electricity
EM0639,MCH0639,Electricity
EM0640,MCH0640,Electricity
EM0641,MCH0641,Electricity
EM0642,MCH0642,Electricity
EM0643,MCH0643,Electricity
EM0644,MCH0644,Electricity
EM0645,MCH0645,Electricity
EM0646,MCH0646,Electricity
EM0647,MCH0647,Electricity
EM0648,MCH0648,Electricity
EM0649,MCH0649,Electricity
EM0650,MCH0650,Electricity
EM0651,MCH0651,Electricity
EM0652,MCH0652,Electricity
EM0653,MCH0653,Electricity
EM0654,MCH0654,Electricity
EM0655,MCH0655,Electricity
EM0656,MCH0656,Electricity
EM0657,MCH0657,Electricity
EM0658,MCH0658,Electricity
EM0659,MCH0659,Electricity
EM0660,MCH0660,Electricity
EM0661,MCH0661,Electricity
EM0662,MCH0662,Electricity
EM0663,MCH0663,Electricity
EM0664,MCH0664,Electricity
EM0665,MCH0665,Electricity
EM0666,MCH0666,Electricity
EM0667,MCH0667,Electricity
EM0668,MCH0668,Electricity
EM0669,MCH0669,Electricity
EM0670,MCH0670,Electricity
EM0671,MCH0671,Electricity
EM0672,MCH0672,Electricity
EM0673,MCH0673,Electricity
EM0674,MCH0674,Electricity
EM0675,MCH0675,Electricity
EM0676,MCH0676,Electricity
EM0677,MCH0677,Electricity
EM0678,MCH0678,Electricity
EM0679,MCH0679,Electricity
EM0680,MCH0680,Electricity
EM0681,MCH0681,Electricity
EM0682,MCH0682,Electricity
EM0683,MCH0683,Electricity
EM0684,MCH0684,Electricity
EM0685,MCH0685,Electricity
EM0686,MCH0686,Electricity
EM0687,MCH0687,Electricity
EM0688,MCH0688,Electricity
EM0689,MCH0689,Electricity
EM0690,MCH0690,Electricity
EM0691,MCH0691,Electricity
EM0692,MCH0692,Electricity
EM0693,MCH0693,Electricity
EM0694,MCH0694,Electricity
EM0695,MCH0695,Electricity
EM0696,MCH0696,Electricity
EM0697,MCH0697,Electricity
EM0698,MCH0698,Electricity
EM0699,MCH0699,Electricity
EM0700,MCH0700,Electricity
EM0701,MCH0701,Electricity
EM0702,MCH0702,Electricity
EM0703,MCH0703,Electricity
EM0704,MCH0704,Electricity
EM0705,MCH0705,Electricity
EM0706,MCH0706,Electricity
EM0707,MCH0707,Electricity
EM0708,MCH0708,Electricity
EM0709,MCH0709,Electricity
EM0710,MCH0710,Electricity
EM0711,MCH0711,Electricity
EM0712,MCH0712,Electricity
EM0713,MCH0713,Electricity
EM0714,MCH0714,Electricity
EM0715,MCH0715,Electricity
EM0716,MCH0716,Electricity
EM0717,MCH0717,Electricity
EM0718,MCH0718,Electricity
EM0719,MCH0719,Electricity
EM0720,MCH0720,Electricity
EM0721,MCH0721,Electricity
EM0722,MCH0722,Electricity
EM0723,MCH0723,Electricity
EM0724,MCH0724,Electricity
EM0725,MCH0725,Electricity
EM0726,MCH0726,Electricity
EM0727,MCH0727,Electricity
EM0728,MCH0728,Electricity
EM0729,MCH0729,Electricity
EM0730,MCH0730,Electricity
EM0731,MCH0731,Electricity
EM0732,MCH0732,Electricity
EM0733,MCH0733,Electricity
EM0734,MCH0734,Electricity
EM0735,MCH0735,Electricity
EM0736,MCH0736,Electricity
EM0737,MCH0737,Electricity
EM0738,MCH0738,Electricity
EM0739,MCH0739,Electricity
EM0740,MCH0740,Electricity
EM0741,MCH0741,Electricity
EM0742,MCH0742,Electricity
EM0743,MCH0743,Electricity
EM0744,MCH0744,Electricity
EM0745,MCH0745,Electricity
EM0746,MCH0746,Electricity
EM0747,MCH0747,Electricity
EM0748,MCH0748,Electricity
EM0749,MCH0749,Electricity
EM0750,MCH0750,Electricity
EM0751,MCH0751,Electricity
EM0752,MCH0752,Electricity
EM0753,MCH0753,Electricity
EM0754,MCH0754,Electricity
EM0755,MCH0755,Electricity
EM0756,MCH0756,Electricity
EM0757,MCH0757,Electricity
EM0758,MCH0758,Electricity
EM0759,MCH0759,Electricity
EM0760,MCH0760,Electricity
EM0761,MCH0761,Electricity
EM0762,MCH0762,Electricity
EM0763,MCH0763,Electricity
EM0764,MCH0764,Electricity
EM0765,MCH0765,Electricity
EM0766,MCH0766,Electricity
EM0767,MCH0767,Electricity
EM0768,MCH0768,Electricity
EM0769,MCH0769,Electricity
EM0770,MCH0770,Electricity
EM0771,MCH0771,Electricity
EM0772,MCH0772,Electricity
EM0773,MCH0773,Electricity
EM0774,MCH0774,Electricity
EM0775,MCH0775,Electricity
EM0776,MCH0776,Electricity
EM0777,MCH0777,Electricity
EM0778,MCH0778,Electricity
EM0779,MCH0779,Electricity
EM0780,MCH0780,Electricity
EM0781,MCH0781,Electricity
EM0782,MCH0782,Electricity
EM0783,MCH0783,Electricity
EM0784,MCH0784,Electricity
EM0785,MCH0785,Electricity
EM0786,MCH0786,Electricity
EM0787,MCH0787,Electricity
EM0788,MCH0788,Electricity
EM0789,MCH0789,Electricity
EM0790,MCH0790,Electricity
EM0791,MCH0791,Electricity
EM0792,MCH0792,Electricity
EM0793,MCH0793,Electricity
EM0794,MCH0794,Electricity
EM0795,MCH0795,Electricity
EM0796,MCH0796,Electricity
EM0797,MCH0797,Electricity
EM0798,MCH0798,Electricity
EM0799,MCH0799,Electricity
EM0800,MCH0800,Electricity
EM0801,MCH0801,Electricity
EM0802,MCH0802,Electricity
EM0803,MCH0803,Electricity
EM0804,MCH0804,Electricity
EM0805,MCH0805,Electricity
EM0806,MCH0806,Electricity
EM0807,MCH0807,Electricity
EM0808,MCH0808,Electricity
EM0809,MCH0809,Electricity
EM0810,MCH0810,Electricity
EM0811,MCH0811,Electricity
EM0812,MCH0812,Electricity
EM0813,MCH0813,Electricity
EM0814,MCH0814,Electricity
EM0815,MCH0815,Electricity
EM0816,MCH0816,Electricity
EM0817,MCH0817,Electricity
EM0818,MCH0818,Electricity
EM0819,MCH0819,Electricity
EM0820,MCH0820,Electricity
EM0821,MCH0821,Electricity
EM0822,MCH0822,Electricity
EM0823,MCH0823,Electricity
EM0824,MCH0824,Electricity
EM0825,MCH0825,Electricity
EM0826,MCH0826,Electricity
EM0827,MCH0827,Electricity
EM0828,MCH0828,Electricity
EM0829,MCH0829,Electricity
EM0830,MCH0830,Electricity
EM0831,MCH0831,Electricity
EM0832,MCH0832,Electricity
EM0833,MCH0833,Electricity
EM0834,MCH0834,Electricity
EM0835,MCH0835,Electricity
EM0836,MCH0836,Electricity
EM0837,MCH0837,Electricity
EM0838,MCH0838,Electricity
EM0839,MCH0839,Electricity
EM0840,MCH0840,Electricity
EM0841,MCH0841,Electricity
EM0842,MCH0842,Electricity
EM0843,MCH0843,Electricity
EM0844,MCH0844,Electricity
EM0845,MCH0845,Electricity
EM0846,MCH0846,Electricity
EM0847,MCH0847,Electricity
EM0848,MCH0848,Electricity
EM0849,MCH0849,Electricity
EM0850,MCH0850,Electricity
EM0851,MCH0851,Electricity
EM0852,MCH0852,Electricity
EM0853,MCH0853,Electricity
EM0854,MCH0854,Electricity
EM0855,MCH0855,Electricity
EM0856,MCH0856,Electricity
EM0857,MCH0857,Electricity
EM0858,MCH0858,Electricity
EM0859,MCH0859,Electricity
EM0860,MCH0860,Electricity
EM0861,MCH0861,Electricity
EM0862,MCH0862,Electricity
EM0863,MCH0863,Electricity
EM0864,MCH0864,Electricity
EM0865,MCH0865,Electricity
EM0866,MCH0866,Electricity
EM0867,MCH0867,Electricity
EM0868,MCH0868,Electricity
EM0869,MCH0869,Electricity
EM0870,MCH0870,Electricity
EM0871,MCH0871,Electricity
EM0872,MCH0872,Electricity
EM0873,MCH0873,Electricity
EM0874,MCH0874,Electricity
EM0875,MCH0875,Electricity
EM0876,MCH0876,Electricity
EM0877,MCH0877,Electricity
EM0878,MCH0878,Electricity
EM0879,MCH0879,Electricity
EM0880,MCH0880,Electricity
EM0881,MCH0881,Electricity
EM0882,MCH0882,Electricity
EM0883,MCH0883,Electricity
EM0884,MCH0884,Electricity
EM0885,MCH0885,Electricity
EM0886,MCH0886,Electricity
EM0887,MCH0887,Electricity
EM0888,MCH0888,Electricity
EM0889,MCH0889,Electricity
EM0890,MCH0890,Electricity
EM0891,MCH0891,Electricity
EM0892,MCH0892,Electricity
EM0893,MCH0893,Electricity
EM0894,MCH0894,Electricity
EM0895,MCH0895,Electricity
EM0896,MCH0896,Electricity
EM0897,MCH0897,Electricity
EM0898,MCH0898,Electricity
EM0899,MCH0899,Electricity
EM0900,MCH0900,Electricity
EM0901,MCH0901,Electricity
EM0902,MCH0902,Electricity
EM0903,MCH0903,Electricity
EM0904,MCH0904,Electricity
EM0905,MCH0905,Electricity
EM0906,MCH0906,Electricity
EM0907,MCH0907,Electricity
EM0908,MCH0908,Electricity
EM0909,MCH0909,Electricity
EM0910,MCH0910,Electricity
EM0911,MCH0911,Electricity
EM0912,MCH0912,Electricity
EM0913,MCH0913,Electricity
EM0914,MCH0914,Electricity
EM0915,MCH0915,Electricity
EM0916,MCH0916,Electricity
EM0917,MCH0917,Electricity
EM0918,MCH0918,Electricity
EM0919,MCH0919,Electricity
EM0920,MCH0920,Electricity
EM0921,MCH0921,Electricity
EM0922,MCH0922,Electricity
EM0923,MCH0923,Electricity
EM0924,MCH0924,Electricity
EM0925,MCH0925,Electricity
EM0926,MCH0926,Electricity
EM0927,MCH0927,Electricity
EM0928,MCH0928,Electricity
EM0929,MCH0929,Electricity
EM0930,MCH0930,Electricity
EM0931,MCH0931,Electricity
EM0932,MCH0932,Electricity
EM0933,MCH0933,Electricity
EM0934,MCH0934,Electricity
EM0935,MCH0935,Electricity
EM0936,MCH0936,Electricity
EM0937,MCH0937,Electricity
EM0938,MCH0938,Electricity
EM0939,MCH0939,Electricity
EM0940,MCH0940,Electricity
EM0941,MCH0941,Electricity
EM0942,MCH0942,Electricity
EM0943,MCH0943,Electricity
EM0944,MCH0944,Electricity
EM0945,MCH0945,Electricity
EM0946,MCH0946,Electricity
EM0947,MCH0947,Electricity
EM0948,MCH0948,Electricity
EM0949,MCH0949,Electricity
EM0950,MCH0950,Electricity
EM0951,MCH0951,Electricity
EM0952,MCH0952,Electricity
EM0953,MCH0953,Electricity
EM0954,MCH0954,Electricity
EM0955,MCH0955,Electricity
EM0956,MCH0956,Electricity
EM0957,MCH0957,Electricity
EM0958,MCH0958,Electricity
EM0959,MCH0959,Electricity
EM0960,MCH0960,Electricity
EM0961,MCH0961,Electricity
EM0962,MCH0962,Electricity
EM0963,MCH0963,Electricity
EM0964,MCH0964,Electricity
EM0965,MCH0965,Electricity
EM0966,MCH0966,Electricity
EM0967,MCH0967,Electricity
EM0968,MCH0968,Electricity
EM0969,MCH0969,Electricity
EM0970,MCH0970,Electricity
EM0971,MCH0971,Electricity
EM0972,MCH0972,Electricity
EM0973,MCH0973,Electricity
EM0974,MCH0974,Electricity
EM0975,MCH0975,Electricity
EM0976,MCH0976,Electricity
EM0977,MCH0977,Electricity
EM0978,MCH0978,Electricity
EM0979,MCH0979,Electricity
EM0980,MCH0980,Electricity
EM0981,MCH0981,Electricity
EM0982,MCH0982,Electricity
EM0983,MCH0983,Electricity
EM0984,MCH0984,Electricity
EM0985,MCH0985,Electricity
EM0986,MCH0986,Electricity
EM0987,MCH0987,Electricity
EM0988,MCH0988,Electricity
EM0989,MCH0989,Electricity
EM0990,MCH0990,Electricity
EM0991,MCH0991,Electricity
EM0992,MCH0992,Electricity
EM0993,MCH0993,Electricity
EM0994,MCH0994,Electricity
EM0995,MCH0995,Electricity
EM0996,MCH0996,Electricity
EM0997,MCH0997,Electricity
EM0998,MCH0998,Electricity
EM0999,MCH0999,Electricity
EM1000,MCH1000,Electricity
